Topic,Name,Document,Representation,Representative_Docs,Top_n_words,Probability,Representative_document
-1,-1_claims_fake_evidence_misleading,15294,15294,15294,15294,15294,15294
0,0_vaccines_vaccine_vaccination_vaccinated,1128,1128,1128,1128,1128,1128
1,1_hindus_hindu_bjp_gujarat,741,741,741,741,741,741
2,2_messi_ronaldo_goals_mbappe,572,572,572,572,572,572
3,3_ukraine_ukraines_russia_moscow,496,496,496,496,496,496
4,4_account_httpsweb3antivirusioscamreportid533895_impersonating_user,311,311,311,311,311,311
5,5_photoshopped_image_photo_images,310,310,310,310,310,310
6,6_voter_ballots_ballot_voting,290,290,290,290,290,290
7,7_ai_generated_images_image,260,260,260,260,260,260
8,8_xbox_consoles_playstation_ps5,256,256,256,256,256,256
9,9_notes_httpscommunitynotestwittercomguideenunderthehoodrankingnotes_httpsenmwikipediaorgwikicommunitynotes_tweets,245,245,245,245,245,245
10,10_gaza_hamas_palestinian_palestine,216,216,216,216,216,216
11,11_tesla_teslas_driven_ford,214,214,214,214,214,214
12,12_referendum_constituency_mps_parliamentary,212,212,212,212,212,212
13,13_caisedo_impersonates_impersonation_moises,196,196,196,196,196,196
14,14_ios_apple_iphone_ipad,182,182,182,182,182,182
15,15_phishing_malicious_metamask_deceptive,170,170,170,170,170,170
16,16_contrails_contrail_chemtrails_condensation,167,167,167,167,167,167
17,17_engagement_farming_engage_engaging,152,152,152,152,152,152
18,18_nfl_playoff_playoffs_packers,143,143,143,143,143,143
19,19_gaza_photo_palestinian_israeli,141,141,141,141,141,141
20,20_fuels_renewable_fuel_emissions,137,137,137,137,137,137
21,21_scam_aliexpress_httpswwwwiredcoukarticledropshippinginstagramads_dropshipping,134,134,134,134,134,134
22,22_quotes_quotation_quote_voltaire,134,134,134,134,134,134
23,23_musk_musks_elonmusk_elon,131,131,131,131,131,131
24,24_tweet_twitter_tweets_httpswwwtweetgencom,130,130,130,130,130,130
25,25_promos_promotional_twitter_onlyfans,121,121,121,121,121,121
26,26_assassination_assassinated_staged_assassinate,119,119,119,119,119,119
27,27_firearms_firearm_handgun_handguns,118,118,118,118,118,118
28,28_pakistani_khan_pak_pakistanis,116,116,116,116,116,116
29,29_wildfires_fires_wildfire_forests,116,116,116,116,116,116
30,30_unemployment_workforce_jobs_pandemic,116,116,116,116,116,116
31,31_taiwan_taiwanese_chinese_prc,115,115,115,115,115,115
32,32_racism_racist_racismquot_discrimination,111,111,111,111,111,111
33,33_2025_httpswwwheritageorgconservatismcommentaryproject2025_httpswwwsnopescomnews20240703project2025trumpusgovernment_trump,105,105,105,105,105,105
34,34_kursk_ukraine_ukrainians_ukrainian,104,104,104,104,104,104
35,35_abortion_abortions_abortionquot_fetus,104,104,104,104,104,104
36,36_paintings_artwork_painting_art,101,101,101,101,101,101
37,37_genocide_gaza_palestinians_palestine,99,99,99,99,99,99
38,38_inflation_inflationary_cpi_monetary,93,93,93,93,93,93
39,39_funding_ukraine_aid_expenditure,90,90,90,90,90,90
40,40_spotify_albums_songs_riaa,87,87,87,87,87,87
41,41_video_2024_2022_2023,86,86,86,86,86,86
42,42_marketed_dropshipping_counterfeited_counterfeit,86,86,86,86,86,86
43,43_onlyfans_inappropriate_prohibited_advertisement,86,86,86,86,86,86
44,44_advertisements_gambling_advertisement_advertising,86,86,86,86,86,86
45,45_autism_vaccines_vaccine_vaccinations,85,85,85,85,85,85
46,46_khelif_khelifs_imane_khalif,84,84,84,84,84,84
47,47_airplane_pilot_pilots_aviation,82,82,82,82,82,82
48,48_aliexpress_dropshipper_dropshipped_dropshipping,81,81,81,81,81,81
49,49_gazas_gaza_casualties_hamas,81,81,81,81,81,81
50,50_tas_false_incorrect_claims,80,80,80,80,80,80
51,51_felon_felony_convicted_conviction,80,80,80,80,80,80
52,52_phishing_metamask_malicious_app,78,78,78,78,78,78
53,53_fema_funding_aid_hurricane,77,77,77,77,77,77
54,54_pets_peta_haitians_pet,74,74,74,74,74,74
55,55_crime_crimes_homicides_murders,74,74,74,74,74,74
56,56_olympic_fiba_fibas_olympics,74,74,74,74,74,74
57,57_kenya_kenyan_kenyas_kenyans,74,74,74,74,74,74
58,58_islamism_islam_muslim_islamic,72,72,72,72,72,72
59,59_gambling_advertisement_promoting_monetization,72,72,72,72,72,72
60,60_nigeria_lagos_nigerias_nigerian,71,71,71,71,71,71
61,61_phishing_tonclaimsigntg_malicious_deceptive,70,70,70,70,70,70
62,62_palestine_palestinians_palestinian_israel,68,68,68,68,68,68
63,63_gamblingrelated_gambling_stake_gamblingquot,67,67,67,67,67,67
64,64_climate_warming_temperatures_temperature,67,67,67,67,67,67
65,65_trudeaus_trudeau_poilievre_poilievres,67,67,67,67,67,67
66,66_migrants_asylum_migrant_refugees,67,67,67,67,67,67
67,67_ivermectin_antiviral_covid_covid19,66,66,66,66,66,66
68,68_viewership_viewers_twitch_stream,65,65,65,65,65,65
69,69_taxation_tax_taxes_taxraising,64,64,64,64,64,64
70,70_policeman_officers_officer_assault,64,64,64,64,64,64
71,71_phishing_scam_httpsweb3antivirusioscamreportid495785_httpsweb3antivirusioscamreportid495483,63,63,63,63,63,63
72,72_videos_ai_video_youtube,63,63,63,63,63,63
73,73_scam_fraud_musk_httpswwwfoxbusinesscompoliticsconsumergroupissuesalertblackrockswokecrusadenoregardamericanfamilies,62,62,62,62,62,62
74,74_aged_younger_age_ages,61,61,61,61,61,61
75,75_southport_cardiff_suspect_lancashire,61,61,61,61,61,61
76,76_animals_mammal_animal_raccoons,60,60,60,60,60,60
77,77_donations_fundraising_funding_donors,60,60,60,60,60,60
78,78_pedophilia_pedophile_pedophiles_minors,60,60,60,60,60,60
79,79_hatred_censorship_speech_discriminatory,59,59,59,59,59,59
80,80_acquitted_convicted_homicide_kyle,58,58,58,58,58,58
81,81_copyright_attribution_stolen_stole,58,58,58,58,58,58
82,82_irish_irelands_irelandnorthern_ireland,58,58,58,58,58,58
83,83_genders_gender_sexes_transexual,58,58,58,58,58,58
84,84_taylor_swift_swifts_taylors,57,57,57,57,57,57
85,85_scam_scammers_scamscheme_crypto,57,57,57,57,57,57
86,86_satire_satireparody_satirequot_satirical,56,56,56,56,56,56
87,87_advertisement_advert_gambling_casino,55,55,55,55,55,55
88,88_impersonating_account_user_httpsbountygithubcomineligiblehtmlimpersonatingauserthroughgitemailaddress,55,55,55,55,55,55
89,89_eclipse_eclipses_astronomy_andromeda,55,55,55,55,55,55
90,90_kohli_cricketer_rahul_sharma,54,54,54,54,54,54
91,91_flags_flag_flagquot_symbol,52,52,52,52,52,52
92,92_jailed_sentenced_arrested_detained,52,52,52,52,52,52
93,93_suspended_banned_ban_suspension,52,52,52,52,52,52
94,94_satire_news_article_fake,52,52,52,52,52,52
95,95_scam_promotion_httpsmediumcomgiveawaycom3waystospotafakesocialmediagiveawayandprotectyourselffromscamsde687949b18a_zksync,52,52,52,52,52,52
96,96_speech_clip_applause_biden,51,51,51,51,51,51
97,97_gameplay_game_advertisement_games,51,51,51,51,51,51
98,98_hamas_gaza_raped_accusations,51,51,51,51,51,51
99,99_epstein_epsteins_jeffrey_donald,51,51,51,51,51,51
100,100_phishing_scam_account_hacked,50,50,50,50,50,50
101,101_gambling_promoting_advertisement_gamble,50,50,50,50,50,50
102,102_debates_debate_fox_kamala,50,50,50,50,50,50
103,103_token_musk_tokens_coin,50,50,50,50,50,50
104,104_advertisement_gambling_monetization_promoting,50,50,50,50,50,50
105,105_cgi_animation_video_httpericdemeusycomnewblog2015810videogoestosiggraph,49,49,49,49,49,49
106,106_banks_banking_bank_httpswwwstlouisfedorginplainenglishwhoownsthefederalreservebanks,49,49,49,49,49,49
107,107_scam_scams_giveaways_giveaway,49,49,49,49,49,49
108,108_hostages_hostage_gaza_hamas,48,48,48,48,48,48
109,109_stake_ads_stakeholder_advertisement,48,48,48,48,48,48
110,110_catholics_catholic_pope_papal,48,48,48,48,48,48
111,111_flat_earth_earths_earthers,48,48,48,48,48,48
112,112_animations_animation_likes_liking,47,47,47,47,47,47
113,113_rlpplegiveawaytoday_rlpplegiveawayus_malicious_metamask,47,47,47,47,47,47
114,114_raped_allegations_rape_convicted,47,47,47,47,47,47
115,115_aliveness_alive_dead_died,46,46,46,46,46,46
116,116_tax_taxation_taxes_gains,46,46,46,46,46,46
117,117_borders_border_immigration_cbp,46,46,46,46,46,46
118,118_palestinians_israeli_israels_palestinian,46,46,46,46,46,46
119,119_idf_civilians_hamas_palestinians,45,45,45,45,45,45
120,120_nato_alliance_russia_treaty,45,45,45,45,45,45
121,121_phishing_metamask_malicious_deceptive,45,45,45,45,45,45
122,122_httpsnypostcom20231011bideniveseenpicturesofterroristsbeheadingchildreninisrael_beheaded_decapitations_beheadings,44,44,44,44,44,44
123,123_minaj_nicki_minajs_beyonce,44,44,44,44,44,44
124,124_evidence_sources_contradiction_fact,44,44,44,44,44,44
125,125_medicare_medicaid_medicarequot_httpsdemocratsorgnewsintheirownwordsthegopiscomingaftersocialsecuritymedicare,44,44,44,44,44,44
126,126_schools_tuition_httpswwwstlouisfedorgeducationeconomiclowdownvideoseriesnosuchthingfreelunch_education,44,44,44,44,44,44
127,127_phishing_airdropmantrazonedigital_airdropsdintop_airdropelyusnetwork,44,44,44,44,44,44
128,128_starlink_starlinks_httpswwwpoliticocomnews20240929femastarlinkhelenevictims00181576_httpswwwgeekwirecom2018spacexreorganizesseattlestarlinksatellite,43,43,43,43,43,43
129,129_cancer_cancers_cure_httpswwwmskccorgcancercareintegrativemedicineherbsgraviola,43,43,43,43,43,43
130,130_dropshipping_purchasing_products_reselling,43,43,43,43,43,43
131,131_hitler_adolf_nazis_nazi,43,43,43,43,43,43
132,132_alonso_hamilton_ferrari_prix,43,43,43,43,43,43
133,133_xrpl2025us_fraudulent_livexrp2025today_metamask,42,42,42,42,42,42
134,134_unrwa_hamas_unrwas_httpswwwtelegraphcoukworldnews20240711unrwahas100employeeswhoaremembershamasisrael,42,42,42,42,42,42
135,135_masks_mask_maskless_httpswwwmayoclinicorgdiseasesconditionscoronavirusindepthcoronavirusmaskart20485449,41,41,41,41,41,41
136,136_foia_declassified_httpswwwcnbccom20220826readtrumpraidsearchwarrantaffidavithtml_dossier,41,41,41,41,41,41
137,137_scam_rewardsairdrop_advert_airdropblastuplol,41,41,41,41,41,41
138,138_duchess_elizabeth_royal_princess,41,41,41,41,41,41
139,139_genderaffirming_transgender_gender_adolescents,41,41,41,41,41,41
140,140_hezbollah_beirut_lebanon_lebanese,41,41,41,41,41,41
141,141_phishing_metamask_malicious_deceptive,40,40,40,40,40,40
142,142_discrimination_discriminate_employers_racebased,40,40,40,40,40,40
143,143_sergeant_captain_retired_walz,40,40,40,40,40,40
144,144_engagement_farming_intention_content,40,40,40,40,40,40
145,145_partnership_advertisement_partnerships_stake,40,40,40,40,40,40
146,146_colombia_venezuela_venezuelan_haiti,38,38,38,38,38,38
147,147_slavery_slaves_slave_colonies,38,38,38,38,38,38
148,148_tiktok_tiktoks_tiktokcom_oftiktok,38,38,38,38,38,38
149,149_magazine_2025_httpswwwbusinessinsidercomdonaldtrumploseroftheyearderspiegelmagazinetime202012_2022,37,37,37,37,37,37
150,150_scam_tate_scams_tates,37,37,37,37,37,37
151,151_katy_katys_perry_perrys,37,37,37,37,37,37
152,152_httpsenmwikipediaorgwikilistofbooksbannedbygovernments_books_banning_httpswwwsnopescomnews20230524amandagormanbookfloridaschoolban,37,37,37,37,37,37
153,153_reported_spam_inappropriate_violates,37,37,37,37,37,37
154,154_abortion_abortions_veto_ban,36,36,36,36,36,36
155,155_nicotine_tobacco_vaping_cigarettes,36,36,36,36,36,36
156,156_murderer_suspect_terrorist_bondi,36,36,36,36,36,36
157,157_seungri_accused_allegations_raped,36,36,36,36,36,36
158,158_transwomen_transgender_transphobia_transphobic,35,35,35,35,35,35
159,159_fluoridation_fluoride_fluoridated_httpswwwadaorgaboutpressreleasescommunitywaterfluoridationatoptimallevelsissafeandeffective,35,35,35,35,35,35
160,160_easter_httpswwwpbsorgnewshournationthehistorybehindinternationaltransgenderdayofvisibility_transgender_celebrated,35,35,35,35,35,35
161,161_zelenskyy_zelensky_zelenskys_zelenska,35,35,35,35,35,35
162,162_gaza_bombed_hamas_casualties,35,35,35,35,35,35
163,163_likes_liking_likingunliking_httpswwwsnopescomfactchecktwitterlikebutton,34,34,34,34,34,34
164,164_president_trump_presidentquot_donald,34,34,34,34,34,34
165,165_scam_scamming_scammingphishing_scams,34,34,34,34,34,34
166,166_polls_polling_voters_httpswwwwashingtonpostcompolitics20240308rasmussen538polling,34,34,34,34,34,34
167,167_aliexpress_dropshipping_marketing_counterfeit,34,34,34,34,34,34
168,168_advertisement_gambling_promoting_advertising,34,34,34,34,34,34
169,169_homicides_children_accidents_adolescents,33,33,33,33,33,33
170,170_her_httpspeoplecommoviesannakendrickhowpersonalexperienceemotionalabuseledtonewmovieexclusive_abused_abusive,33,33,33,33,33,33
171,171_rocket_starships_falcon_starship,33,33,33,33,33,33
172,172_palestinian_maccabi_israeli_aviv,33,33,33,33,33,33
173,173_justices_judiciaryquot_judiciary_kavanaugh,33,33,33,33,33,33
174,174_electoral_presidential_biden_presidency,33,33,33,33,33,33
175,175_hamas_gaza_hospitals_palestinian,33,33,33,33,33,33
176,176_grassfoundatonorg_wwwgrassfoundationus_phishing_grassfoundationin,33,33,33,33,33,33
177,177_staged_video_livestreamers_videos,33,33,33,33,33,33
178,178_reza_iranian_shah_iranians,33,33,33,33,33,33
179,179_allegations_accusations_untrue_sources,33,33,33,33,33,33
180,180_holocaust_auschwitz_auschwitzquot_camps,33,33,33,33,33,33
181,181_xrpl2025us_phishing_xrpxio_metamask,32,32,32,32,32,32
182,182_dropshipping_marketed_suppliers_inventory,32,32,32,32,32,32
183,183_bbccom_clickbait_bbc_scam,31,31,31,31,31,31
184,184_aliexpress_dropshipping_claims_marketing,31,31,31,31,31,31
185,185_tweet_fraudulent_dropshipping_advertisers,31,31,31,31,31,31
186,186_drone_drones_ufo_flying,31,31,31,31,31,31
187,187_advertisement_shark_advertiser_advertised,31,31,31,31,31,31
188,188_postsreplies_report_linked_assets,31,31,31,31,31,31
189,189_depp_defamation_depps_allegations,31,31,31,31,31,31
190,190_debt_deficit_trillion_fiscal,31,31,31,31,31,31
191,191_audio_fake_httpsapnewscomarticlefactchecktitanicsubmersibleaudiobanging506912778660_video,31,31,31,31,31,31
192,192_metamask_malicious_deceptive_threats,30,30,30,30,30,30
193,193_tax_emissions_taxes_carbon,30,30,30,30,30,30
194,194_kamala_indian_harris_harriss,30,30,30,30,30,30
195,195_xrpgiveawayus_metamask_malicious_deceptive,30,30,30,30,30,30
196,196_grave_buried_palestinians_graves,30,30,30,30,30,30
197,197_rape_rapes_raperelated_violence,30,30,30,30,30,30
198,198_moon_lunar_apollo_moonlandings,30,30,30,30,30,30
199,199_governor_candidates_elected_nomination,29,29,29,29,29,29
200,200_phishing_malicious_threats_metamask,29,29,29,29,29,29
201,201_kosovo_kosovoalbanians_kosovos_kosovometohija,29,29,29,29,29,29
202,202_justinsuntron_justin_impersonating_account,29,29,29,29,29,29
203,203_election_voters_voter_fraud,29,29,29,29,29,29
204,204_yemens_yemen_yemeni_houthis,29,29,29,29,29,29
205,205_pepe_frog_pepecoineth_apu,29,29,29,29,29,29
206,206_loans_repayment_loan_loansquot,29,29,29,29,29,29
207,207_insulin_diabetics_medicare_httpswwwuptodatecomcontentstype1diabetesinsulintreatmentbeyondthebasics,29,29,29,29,29,29
208,208_gambling_advertisements_advertisement_ads,28,28,28,28,28,28
209,209_stake_gambling_httpshelpxcomenrulesandpoliciespaidpartnerships_advert,28,28,28,28,28,28
210,210_harris_border_czar_gonzales,28,28,28,28,28,28
211,211_gaza_gazas_gazans_palestinians,28,28,28,28,28,28
212,212_nutritionally_diet_foods_meat,28,28,28,28,28,28
213,213_graph_chart_plotted_axis,28,28,28,28,28,28
214,214_advertisement_ads_ad_clickbait,28,28,28,28,28,28
215,215_gesture_gesturing_salute_elon,28,28,28,28,28,28
216,216_gambling_rainbet_advertisement_casino,28,28,28,28,28,28
217,217_suicides_suicidal_suicide_httpswwwcdcgovsuicidesuicidedatastatisticshtml,28,28,28,28,28,28
218,218_phishing_malicious_metamask_deceptive,27,27,27,27,27,27
219,219_cbc_broadcasting_npr_httpswwwinfluencewatchorgnonprofitnationalpublicradionpr,27,27,27,27,27,27
220,220_earthquakes_earthquake_seismic_predictions,27,27,27,27,27,27
221,221_secularism_christian_christianity_christians,27,27,27,27,27,27
222,222_hamas_hamass_terrorist_isis,27,27,27,27,27,27
223,223_britain_mauritius_scotland_islands,27,27,27,27,27,27
224,224_scam_scamming_scams_video,27,27,27,27,27,27
225,225_scam_teslafinancepromoinfo_scams_tesla,27,27,27,27,27,27
226,226_shirt_cristiano_uefa_ronaldos,27,27,27,27,27,27
227,227_outage_crowdstrikes_httpswwwwiredcomstorycrowdstrikeoutageupdatewindows_crowdstrike,27,27,27,27,27,27
228,228_explosion_explosions_explode_fireworks,27,27,27,27,27,27
229,229_desantis_soros_ambassador_nominee,27,27,27,27,27,27
230,230_tate_scam_scamwarning_tates,27,27,27,27,27,27
231,231_google_googlecom_seo_searches,27,27,27,27,27,27
232,232_aboriginal_indigenous_maori_australians,27,27,27,27,27,27
233,233_gambling_advertisement_monetization_ads,26,26,26,26,26,26
234,234_tesla_promotions_scam_teslas,26,26,26,26,26,26
235,235_menstruation_menstruate_menstrual_periods,26,26,26,26,26,26
236,236_starbucks_httpswwwbusinessinsidercompoliticiansceosuccessfulpeoplewhoworkedatmcdonalds_mcdonald_mcdonalds,26,26,26,26,26,26
237,237_statue_statues_sculpture_satanic,26,26,26,26,26,26
238,238_tates_tate_diicot_dismissed,26,26,26,26,26,26
239,239_bloodbath_bloodbathquot_automobile_ford,26,26,26,26,26,26
240,240_advertisement_ads_stake_gambling,25,25,25,25,25,25
241,241_partnership_partnerships_promoting_casino,25,25,25,25,25,25
242,242_french_france_une_etre,25,25,25,25,25,25
243,243_puerto_rico_ricans_ricoquot,25,25,25,25,25,25
244,244_phishing_dbbtcagentio_malicious_deceptive,25,25,25,25,25,25
245,245_fish_httpswwwsnugaquariumnetcanfishlovetheirownersutmcontentcmptrue_httpspethelpfulcomfishaquariumsreasonstropicalaquariumfishdie_oarfish,25,25,25,25,25,25
246,246_climate_climaterelated_warming_co2,25,25,25,25,25,25
247,247_nina_impersonating_impersonator_accounts,25,25,25,25,25,25
248,248_scam_crypto_httpswwwnasdaqcomarticlesthisishowscammerscandrainyourcryptowallet_httpswwwchainalysiscomblogcryptodrainers,25,25,25,25,25,25
249,249_japan_tokyo_japanese_prefecture,25,25,25,25,25,25
250,250_soviets_ussr_soviet_ussrs,25,25,25,25,25,25
251,251_rally_crowd_trump_inauguration,25,25,25,25,25,25
252,252_ceasefire_ceasefirequot_hamas_gaza,25,25,25,25,25,25
253,253_wrestlemania_wrestler_cena_wwe,25,25,25,25,25,25
254,254_syria_syrian_damascus_assad,24,24,24,24,24,24
255,255_democracy_democratic_republic_httpswwwheritageorgamericanfoundersreportamericarepublicnotdemocracy,24,24,24,24,24,24
256,256_blackmail_blackmailing_compromised_hacked,24,24,24,24,24,24
257,257_account_zssbecker_impersonating_user,24,24,24,24,24,24
258,258_arrests_suspects_arrested_police,24,24,24,24,24,24
259,259_iq_average_intelligence_httpsenwikipediaorgwikikokogorillaintelligence,24,24,24,24,24,24
260,260_argentinian_argentine_argentina_argentinas,24,24,24,24,24,24
261,261_harris_kamala_cheney_candidate,24,24,24,24,24,24
262,262_scam_scammy_scams_crypto,23,23,23,23,23,23
263,263_advertisement_gambling_casino_ads,23,23,23,23,23,23
264,264_cryptocurrency_pump_crypto_httpswwwfoolcominvestingstockmarketmarketsectorsfinancialscryptocurrencystockshowtospotcryptoscam,23,23,23,23,23,23
265,265_logan_dillon_logans_ufc,23,23,23,23,23,23
266,266_gambling_promoting_stake_ad,23,23,23,23,23,23
267,267_scammer_scams_crypto_shill,23,23,23,23,23,23
268,268_falling_liam_fell_video,23,23,23,23,23,23
269,269_biden_bidenquot_candidate_presidential,23,23,23,23,23,23
270,270_caravan_migrant_honduras_border,23,23,23,23,23,23
271,271_zionism_zionism1_zionists_antisemitism,23,23,23,23,23,23
272,272_neanderthalensis_neanderthal_sapiens_herbivores,23,23,23,23,23,23
273,273_dreams_dream_allegations_speculations,23,23,23,23,23,23
274,274_urinals_toilets_restroom_urine,23,23,23,23,23,23
275,275_bethlehem_palestine_galilee_palestinian,22,22,22,22,22,22
276,276_homosexual_heterosexuality_gay_homophobic,22,22,22,22,22,22
277,277_spam_scam_accounts_fake,22,22,22,22,22,22
278,278_pudgypenguins_account_user_impersonating,22,22,22,22,22,22
279,279_babydogecoin_xcombabydogecoin_httpsxcomdogecoin_httpsxcombabydogecoin,22,22,22,22,22,22
280,280_gambling_advertisement_advertisment_prohibits,22,22,22,22,22,22
281,281_maps_map_httpsmapsappgoogllbhugocchznet8746_location,22,22,22,22,22,22
282,282_fentanyl_carfentanil_opioids_opioid,22,22,22,22,22,22
283,283_earthquake_earthquakes_tsunami_quake,22,22,22,22,22,22
284,284_sicknick_died_murdered_autopsy,22,22,22,22,22,22
285,285_shooting_shootings_firearm_guns,22,22,22,22,22,22
286,286_tweet_onlyfans_onlyfan_promote,22,22,22,22,22,22
287,287_expulsion_expulsions_expelled_tennessee,22,22,22,22,22,22
288,288_pardons_pardoned_pardon_convictions,22,22,22,22,22,22
289,289_starmer_jewish_httpshumanistsuk20240705nonreligiousprimeministersahistory_judaism,22,22,22,22,22,22
290,290_stake_partnership_partnerships_gamble,22,22,22,22,22,22
291,291_hurricane_landfall_storm_flooding,21,21,21,21,21,21
292,292_gamble_gambling_ads_stake,21,21,21,21,21,21
293,293_twitters_profiles_accounts_account,21,21,21,21,21,21
294,294_brazilian_portuguese_alexandre_brazil,21,21,21,21,21,21
295,295_qaeda_osama_laden_terrorists,21,21,21,21,21,21
296,296_extraterrestrial_aliens_ufo_hoax,21,21,21,21,21,21
297,297_scammer_scamming_scammed_account,21,21,21,21,21,21
298,298_medicalhealth_physicians_patients_med,21,21,21,21,21,21
299,299_elections_ukraine_ukrainian_ukrainians,21,21,21,21,21,21
300,300_holidays_holiday_httpswwwblackhistorymonthorgukarticlelistingsregionliverpoolslaveryremembranceday_thanksgiving,21,21,21,21,21,21
301,301_scientific_httpsjournalsphysiologyorgdoifull101152physiol000242019_journals_scientifically,21,21,21,21,21,21
302,302_stake_gambling_stakesponsored_tos,21,21,21,21,21,21
303,303_tesla_scam_musk_teslatesla,20,20,20,20,20,20
304,304_supper_dionysus_vinci_depiction,20,20,20,20,20,20
305,305_palestinian_palestinians_flag_palestine,20,20,20,20,20,20
306,306_supremacists_httpswwwsnopescomfactchecktrumpveryfinepeople_nazis_supremacist,20,20,20,20,20,20
307,307_lie_lied_lies_lying,20,20,20,20,20,20
308,308_instagram_photos_twittercom_engagement,20,20,20,20,20,20
309,309_phishing_scrollpumpus_scrollpumplol_cryptoscrollcom,20,20,20,20,20,20
310,310_phishing_appbtcagentio_malicious_httpsweb3antivirusioscamreportid522729,20,20,20,20,20,20
311,311_bipartisan_border_congress_senate,20,20,20,20,20,20
312,312_iranian_iran_iranthese_sanctions,20,20,20,20,20,20
313,313_aspartame_carcinogenic_harmful_fda,20,20,20,20,20,20
314,314_antisemitism_antisemitic_jews_semitic,20,20,20,20,20,20
315,315_congress_legislative_legislation_bill,20,20,20,20,20,20
316,316_taliban_kabul_talibanquot_afghan,20,20,20,20,20,20
317,317_scam_promotion_tesla_fake,19,19,19,19,19,19
318,318_5g_3g_4g_5gs,19,19,19,19,19,19
319,319_accounts_spam_account_profiles,19,19,19,19,19,19
320,320_swastika_swastikas_symbol_hindu,19,19,19,19,19,19
321,321_gambling_advertisement_promoting_stake,19,19,19,19,19,19
322,322_communism_communist_communists_capitalist,19,19,19,19,19,19
323,323_song_lyrics_sang_album,19,19,19,19,19,19
324,324_farmingplatform_tos_farming_engagement,19,19,19,19,19,19
325,325_milk_lactose_listeria_harmful,19,19,19,19,19,19
326,326_venezuelan_venezuela_maduro_dictator,19,19,19,19,19,19
327,327_cat_kitten_cats_kittens,19,19,19,19,19,19
328,328_photo_photograph_1939_depicts,19,19,19,19,19,19
329,329_transwomen_sports_athletes_sporting,19,19,19,19,19,19
330,330_deportation_deportations_deported_deporting,19,19,19,19,19,19
331,331_loan_loans_repayment_biden,18,18,18,18,18,18
332,332_phishing_solayerfoundationbet_metamask_solayerfoundationlive,18,18,18,18,18,18
333,333_scam_scams_account_httpstrezoriosupportaairdropscamtokens,18,18,18,18,18,18
334,334_marriages_homosexuality_marriage_httpsenmwikipediaorgwikirecognitionofsamesexunionsinisrael,18,18,18,18,18,18
335,335_prices_pricing_priced_lowerpriced,18,18,18,18,18,18
336,336_tweets_tweeting_shes_send,18,18,18,18,18,18
337,337_usaid_usaids_httpswwwscribdcomdocument366566650companiesforsic8888foreigngovernments_httpsadstorg202106americanpeoplesforeignpolicyusaidsroleinapartheidsouthafrica,18,18,18,18,18,18
338,338_grades_education_httpswwwtimeshighereducationcomworlduniversityrankings2023worldranking_httpswwwtimeshighereducationcomworlduniversityrankings2019worldranking,18,18,18,18,18,18
339,339_scam_scammers_scams_frauds,18,18,18,18,18,18
340,340_haley_nikki_punjabi_haleys,18,18,18,18,18,18
341,341_cryptobeastreal_scammer_scam_cryptoeternalai,18,18,18,18,18,18
342,342_eurovision_europapa_croatia_iceland,18,18,18,18,18,18
343,343_profiles_accounts_inappropriate_unfollow,18,18,18,18,18,18
344,344_pronouns_pronoun_gender_httpswwwthelistcom781134whatarejonathanvannesspronouns,18,18,18,18,18,18
345,345_clip_context_quoted_httpsabcnewsgocomamppoliticsbidendismissesconcernsmentalfitnessheddroplordstoryid111695174,18,18,18,18,18,18
346,346_cn_cns_disagreement_opinionated,18,18,18,18,18,18
347,347_decriminalization_cannabis_decriminalize_marijuana,17,17,17,17,17,17
348,348_protests_misconduct_students_campus,17,17,17,17,17,17
349,349_tos_mailing_engagement_promises,17,17,17,17,17,17
350,350_co2_warming_climate_climatequot,17,17,17,17,17,17
351,351_doxxing_doxxed_doxxer_dox,17,17,17,17,17,17
352,352_photo_2020_2021_2024,17,17,17,17,17,17
353,353_apartheid_africa_mandela_boers,17,17,17,17,17,17
354,354_scammer_spamming_giveaways_engagementfollower,17,17,17,17,17,17
355,355_advertisement_gambling_advertising_clickbait,17,17,17,17,17,17
356,356_earthquakes_earthquake_earthquakeprediction_earthquakerelated,17,17,17,17,17,17
357,357_dropshipping_aliexpress_quotdropshippingquot_video,17,17,17,17,17,17
358,358_africa_continent_continents_mozambique,17,17,17,17,17,17
359,359_puberty_httpswwwhealthlinecomhealtharepubertyblockersreversible_hormones_testosterone,17,17,17,17,17,17
360,360_defamation_sue_suing_sued,17,17,17,17,17,17
361,361_homelessness_homeless_shelters_shelter,17,17,17,17,17,17
362,362_lauren_boebert_worth_billionaire,17,17,17,17,17,17
363,363_scam_tesla_promotions_teslas,17,17,17,17,17,17
364,364_wtc_towers_demolition_911,17,17,17,17,17,17
365,365_clickbait_quotclickbaitquot_httpseswikipediaorgwikiclickbait_httpsenwikipediaorgwikiclickbait,16,16,16,16,16,16
366,366_arrest_warrant_warrants_warrantsquot,16,16,16,16,16,16
367,367_earthquake_forecasts_httpsscienceexchangecaltechedutopicsearthquakesearthquakesprobabilities_predictions,16,16,16,16,16,16
368,368_earthquakes_earthquake_predictions_scientists,16,16,16,16,16,16
369,369_hacked_compromised_account_scam,16,16,16,16,16,16
370,370_budget_blockbuster_film_cost,16,16,16,16,16,16
371,371_raped_rape_rapist_assaulted,16,16,16,16,16,16
372,372_nuclear_reactors_powerplants_chernobyl,16,16,16,16,16,16
373,373_kenyan_barack_kenya_born,16,16,16,16,16,16
374,374_hospitalized_health_medical_physician,16,16,16,16,16,16
375,375_gaza_hamas_hamass_israeli,16,16,16,16,16,16
376,376_faked_fake_screenshot_screenshots,16,16,16,16,16,16
377,377_musk_musks_undocumented_immigrant,16,16,16,16,16,16
378,378_aipac_superpac_superpacs_pac,16,16,16,16,16,16
379,379_suckers_soldiers_httpswwwsnopescomnews20240418trumpsoldierssuckerslosers_losers,16,16,16,16,16,16
380,380_mexico_mexicos_tariffs_tariff,16,16,16,16,16,16
381,381_hollywood_fires_fire_sign,16,16,16,16,16,16
382,382_tariffs_tariffed_exports_imports,15,15,15,15,15,15
383,383_musk_scam_tesla_hacked,15,15,15,15,15,15
384,384_drake_drakes_drakedebate_aubrey,15,15,15,15,15,15
385,385_logo_logos_crest_trademark,15,15,15,15,15,15
386,386_bridge_collapsed_uss_vessel,15,15,15,15,15,15
387,387_immigrants_immigration_immigrant_httpswwwsnopescomfactcheckdemocratscollegeimmigrants,15,15,15,15,15,15
388,388_relocated_headquartered_headquarters_california,15,15,15,15,15,15
389,389_phishing_ipfsio_malicious_metamask,15,15,15,15,15,15
390,390_advertisement_advertisements_ads_ad,15,15,15,15,15,15
391,391_account_0xsoniclabs_impersonating_httpsxcom0xsoniclabs,15,15,15,15,15,15
392,392_phishing_movementlabsxyz_httpsxcomaevoxyz_aevoxyz,15,15,15,15,15,15
393,393_canadians_51st_httpsnationalpostcomopinionnpviewmiddleclasslifekeepsgettingharderundertrudeauliberals_httpsnationalpostcomnewscanadasurveycanadiansoppose51ststate,15,15,15,15,15,15
394,394_decimals_dividing_decimal_multiplied,15,15,15,15,15,15
395,395_officers_officer_deaths_rioters,15,15,15,15,15,15
396,396_tweets_tweet_tweeted_httpswwwpolitifactcomfactchecks2022may27tweetsnotedcruzdoesnttweetsamethoughtsandprayers,15,15,15,15,15,15
397,397_juggs_juggsquot_images_image,15,15,15,15,15,15
398,398_convicted_acquitted_sentenced_conviction,15,15,15,15,15,15
399,399_blast_blastl2_blastl2s_scam,15,15,15,15,15,15
400,400_obituary_died_death_grief,14,14,14,14,14,14
401,401_token_tokens_xtokeninfo_scam,14,14,14,14,14,14
402,402_terrorism_terrorist_terrorismquot_terrorists,14,14,14,14,14,14
403,403_ceo_ceos_shareholder_shareholders,14,14,14,14,14,14
404,404_floyd_floyds_autopsy_overdose,14,14,14,14,14,14
405,405_hamas_helicopters_helicopter_israeli,14,14,14,14,14,14
406,406_rowling_potter_radcliffe_rowlings,14,14,14,14,14,14
407,407_gaza_aid_humanitarian_httpswwwtimesofisraelcomisraelclaimshighestsingledaynumberofaidtrucksentersgazasincewarbegan,14,14,14,14,14,14
408,408_gst_tax_taxation_taxed,14,14,14,14,14,14
409,409_gold_1gold_commodity_httpswwwinvestopediacomarticleseconomics09whygoldmattersasptocgoldasaninvestment,14,14,14,14,14,14
410,410_reported_spam_violates_inappropriate,14,14,14,14,14,14
411,411_phosphorus_munitions_ammunition_grenade,14,14,14,14,14,14
412,412_scam_scammer_crypto_httpsmediumcomgiveawaycom3waystospotafakesocialmediagiveawayandprotectyourselffromscamsde687949b18a,14,14,14,14,14,14
413,413_betting_gambling_advertisement_advertising,14,14,14,14,14,14
414,414_advertisements_ad_ads_gambling,14,14,14,14,14,14
415,415_mayoral_mile_mayor_khan,14,14,14,14,14,14
416,416_genderquot_identifies_httpsenmwikipediaorgwikiwoman_female,14,14,14,14,14,14
417,417_earthquakes_earthquake_quakes_quake,14,14,14,14,14,14
418,418_domainsquot_domains_domain_icanniana,13,13,13,13,13,13
419,419_scrollzkp_malicious_account_httpsxcomscrollzkp,13,13,13,13,13,13
420,420_scam_scams_crypto_httpsmediumcomgiveawaycom3waystospotafakesocialmediagiveawayandprotectyourselffromscamsde687949b18a,13,13,13,13,13,13
421,421_earthquakes_earthquake_quakes_predictions,13,13,13,13,13,13
422,422_phishing_scam_crypto_httpstrezoriosupportamalicioussmartcontracts,13,13,13,13,13,13
423,423_inauguration_video_presidential_presidency,13,13,13,13,13,13
424,424_advertisement_promoting_gambling_spam,13,13,13,13,13,13
425,425_robinson_jailed_lennon_sentenced,13,13,13,13,13,13
426,426_leaks_leaked_leak_leaker,13,13,13,13,13,13
427,427_protests_protest_farmers_protested,13,13,13,13,13,13
428,428_colonialism_colonial_colonies_settlers,13,13,13,13,13,13
429,429_irs_agents_hires_hiring,13,13,13,13,13,13
430,430_earrings_earpiece_earring_earphones,13,13,13,13,13,13
431,431_reported_spam_violate_violates,13,13,13,13,13,13
432,432_nations_un_agreements_territorial,13,13,13,13,13,13
433,433_footage_scene_film_documentary,13,13,13,13,13,13
434,434_attire_uniforms_wearing_wear,13,13,13,13,13,13
435,435_aggression_violence_oppose_nonviolent,13,13,13,13,13,13
436,436_cyprus_cypriot_cypriots_turks,13,13,13,13,13,13
437,437_housing_rents_homes_residential,13,13,13,13,13,13
438,438_talmud_talmudquot_rabbis_jewish,13,13,13,13,13,13
439,439_train_braking_trains_railroadsquot,13,13,13,13,13,13
440,440_guardsmen_guard_deployed_httpsreservenationalguardcomunittrainingbacktothefieldnationalguardunitsgearupforannualtrainingamp,13,13,13,13,13,13
441,441_spanish_spanishspeaking_catalan_portuguese,13,13,13,13,13,13
442,442_f35_f35s_jet_jets,13,13,13,13,13,13
443,443_afd_afds_nazis_nazi,13,13,13,13,13,13
444,444_interview_interviewee_snoop_headline,13,13,13,13,13,13
445,445_scam_ads_legit_fake,13,13,13,13,13,13
446,446_zelenskyy_zelensky_zaluzhny_zelenskis,13,13,13,13,13,13
447,447_scam_impersonation_phishing_impersonating,12,12,12,12,12,12
448,448_brandedfeatureshashtag_brandedfeatures_likes_logo,12,12,12,12,12,12
449,449_phishing_malicious_metamask_deceptive,12,12,12,12,12,12
450,450_httpslawofficeorgilenisraelicitizenshipdnatest_dna_paternity_ancestry,12,12,12,12,12,12
451,451_arson_fires_fire_evacuation,12,12,12,12,12,12
452,452_nominees_attend_attended_inauguration,12,12,12,12,12,12
453,453_swimsuits_clothing_childrens_sizes,12,12,12,12,12,12
454,454_attendance_capacity_population_seating,12,12,12,12,12,12
455,455_bioweapons_biolabs_bioweapon_laboratories,12,12,12,12,12,12
456,456_abortion_overturned_roe_abortions,12,12,12,12,12,12
457,457_scots_scotlands_scotland_scottish,12,12,12,12,12,12
458,458_auroras_aurora_auroral_storms,12,12,12,12,12,12
459,459_musk_musks_taxpayers_taxes,12,12,12,12,12,12
460,460_hamas_gazan_kidnapped_kidnapp,12,12,12,12,12,12
461,461_riots_protesters_leeds_protesting,12,12,12,12,12,12
462,462_tariffs_tariff_canadas_exports,12,12,12,12,12,12
463,463_stalker_stalking_stalked_followers,12,12,12,12,12,12
464,464_tiktok_satire_videos_clickbait,12,12,12,12,12,12
465,465_child_childe_grandson_kid,12,12,12,12,12,12
466,466_cancer_leukemia_mortality_httpswwwdailymailcoukhealtharticle13197079cancerepidemicyoungpeopleamericaukindiasouthafricahtml,12,12,12,12,12,12
467,467_groceries_inflation_grocery_foods,12,12,12,12,12,12
468,468_toes_fingers_toe_finger,12,12,12,12,12,12
469,469_disinfectant_disinfected_bleach_bleachquot,12,12,12,12,12,12
470,470_judiciary_judicial_justices_constitutional,12,12,12,12,12,12
471,471_airdrop_phishing_airdrops_scams,12,12,12,12,12,12
472,472_irondome_missiles_missile_dome,12,12,12,12,12,12
473,473_eggs_egg_inflation_prices,12,12,12,12,12,12
474,474_premium_subscription_subscriptions_pricingquot,12,12,12,12,12,12
475,475_scam_spam_bloxlink_hacked,12,12,12,12,12,12
476,476_httpswwwmoneysavingexpertcomreclaimreclaimcarfinance_pcp_fee_paying,12,12,12,12,12,12
477,477_billionaire_billionaires_forbes_billion,12,12,12,12,12,12
478,478_victims_aid_donation_raped,11,11,11,11,11,11
479,479_roblox_robux_rbloxhb_autoplays,11,11,11,11,11,11
480,480_scam_scams_airdrop_legitimate,11,11,11,11,11,11
481,481_earthquakes_earthquake_quakes_forecasts,11,11,11,11,11,11
482,482_adhd_ritalin_disorders_httpswwwpsychiatryorgpatientsfamiliesadhdwhatisadhd,11,11,11,11,11,11
483,483_libel_brigitte_feminist_macron,11,11,11,11,11,11
484,484_scam_scams_scammers_giveaway,11,11,11,11,11,11
485,485_layerzero_layerzerocore_layerzerofndn_httpsxcomlayerzerocore,11,11,11,11,11,11
486,486_doordash_temu_scam_scammer,11,11,11,11,11,11
487,487_vacations_vacation_vacationquot_biden,11,11,11,11,11,11
488,488_shirt_tshirt_wearing_photo,11,11,11,11,11,11
489,489_ripple_ripples_scam_phishing,11,11,11,11,11,11
490,490_earthquakes_earthquake_predictions_prediction,11,11,11,11,11,11
491,491_stocks_stock_nasdaq_dow,11,11,11,11,11,11
492,492_ads_advertising_ad_advertisers,11,11,11,11,11,11
493,493_palestinian_gaza_hamas_israeli,11,11,11,11,11,11
494,494_macbooks_scam_hacked_scammers,11,11,11,11,11,11
495,495_tx_impeachment_texans_texas,11,11,11,11,11,11
496,496_phishing_suinsc1aietop_suinscletop_malicious,11,11,11,11,11,11
497,497_tornado_tornadoes_tornados_typhoon,11,11,11,11,11,11
498,498_hazem_hazemmm_hazems_hazemgg,11,11,11,11,11,11
499,499_actresses_actress_cast_actors,10,10,10,10,10,10
500,500_appeals_appealed_lawsuit_court,10,10,10,10,10,10
501,501_thunberg_2029_climate_httpswwwsnopescomfactcheckgretathunbergdeleted2018tweetonhumanity,10,10,10,10,10,10
502,502_alcoholic_alcohol_alcoholism_alcoholfree,10,10,10,10,10,10
503,503_childbirth_postpartum_uterus_fetus,10,10,10,10,10,10
504,504_ratified_amendments_ratification_amendment,10,10,10,10,10,10
505,505_followers_follower_subscribersusers_unfollow,10,10,10,10,10,10
